{"cameraMode":{"drawMode":0,"name":"Shaded","section":"Shading Mode"},"sceneLighting":true,"audioPlay":false,"sceneViewState":{"m_AlwaysRefresh":false,"showFog":true,"showSkybox":true,"showFlares":true,"showImageEffects":true,"showParticleSystems":true,"showVisualEffectGraphs":true,"m_FxEnabled":true},"in2DMode":false,"pivot":{"x":0.1608119010925293,"y":-8.402118682861329,"z":24.4735164642334},"rotation":{"x":0.31898802518844607,"y":-0.03552977368235588,"z":0.011967676691710949,"w":0.9470171332359314},"size":22.36808967590332,"orthographic":false}