{"cameraMode":{"drawMode":0,"name":"Shaded","section":"Shading Mode"},"sceneLighting":true,"audioPlay":false,"sceneViewState":{"m_AlwaysRefresh":false,"showFog":true,"showSkybox":true,"showFlares":true,"showImageEffects":true,"showParticleSystems":true,"showVisualEffectGraphs":true,"m_FxEnabled":true},"in2DMode":false,"pivot":{"x":1151.5814208984375,"y":459.8284912109375,"z":152.93719482421876},"rotation":{"x":0.0009594910079613328,"y":-0.9963859915733337,"z":0.01135757565498352,"w":0.08419165760278702},"size":1281.1114501953125,"orthographic":false}