{"cameraMode":{"drawMode":0,"name":"Shaded","section":"Shading Mode"},"sceneLighting":true,"audioPlay":false,"sceneViewState":{"m_AlwaysRefresh":false,"showFog":true,"showSkybox":true,"showFlares":true,"showImageEffects":true,"showParticleSystems":true,"showVisualEffectGraphs":true,"m_FxEnabled":true},"in2DMode":false,"pivot":{"x":-2.3298652172088625,"y":8.867158889770508,"z":3.600381851196289},"rotation":{"x":0.6302233338356018,"y":-0.009316295385360718,"z":0.0075630322098731998,"w":0.7763223648071289},"size":20.182661056518556,"orthographic":false}