{"cameraMode":{"drawMode":0,"name":"Shaded","section":"Shading Mode"},"sceneLighting":true,"audioPlay":false,"sceneViewState":{"m_AlwaysRefresh":false,"showFog":true,"showSkybox":true,"showFlares":true,"showImageEffects":true,"showParticleSystems":true,"showVisualEffectGraphs":true,"m_FxEnabled":true},"in2DMode":false,"pivot":{"x":-2.8639471530914308,"y":9.138528823852539,"z":4.88071346282959},"rotation":{"x":0.6302233338356018,"y":-0.009316295385360718,"z":0.0075630322098731998,"w":0.7763223648071289},"size":20.182661056518556,"orthographic":false}