{"cameraMode":{"drawMode":0,"name":"Shaded","section":"Shading Mode"},"sceneLighting":true,"audioPlay":false,"sceneViewState":{"m_AlwaysRefresh":false,"showFog":true,"showSkybox":true,"showFlares":true,"showImageEffects":true,"showParticleSystems":true,"showVisualEffectGraphs":true,"m_FxEnabled":true},"in2DMode":false,"pivot":{"x":-0.8832207918167114,"y":2.7669358253479006,"z":0.4012489318847656},"rotation":{"x":-0.00305437040515244,"y":-0.996667206287384,"z":0.06827663630247116,"w":-0.044584717601537707},"size":0.95939701795578,"orthographic":false}